{"Version":2,"SourceFileDate":132576165250000000,"Flags":["FL_BITMAP_COMPRESSION","FL_BITMAP_MIPMAP","FL_BITMAP_QUALITY_HIGH","FL_BITMAP_PRECOMPUTED_INV_AVG"],"InvAvgColor":[1.417583703994751,1.417583703994751,1.417583703994751],"HasTransp":true}