{"Version":2,"SourceFileDate":132580470400000000,"Flags":["FL_BITMAP_COMPRESSION","FL_BITMAP_MIPMAP","FL_BITMAP_QUALITY_HIGH","FL_BITMAP_PRECOMPUTED_INV_AVG"],"InvAvgColor":[1.2506725788116455,1.2506725788116455,1.2506725788116455],"HasTransp":true}